{"cameraMode":{"drawMode":0,"name":"Shaded","section":"Shading Mode"},"sceneLighting":false,"audioPlay":false,"sceneViewState":{"m_AlwaysRefresh":true,"showFog":true,"showSkybox":true,"showFlares":true,"showImageEffects":true,"showParticleSystems":true,"showVisualEffectGraphs":true,"m_FxEnabled":true},"in2DMode":false,"pivot":{"x":-0.8565225601196289,"y":2.1079888343811037,"z":0.7953848838806152},"rotation":{"x":-0.2922409474849701,"y":0.03184855729341507,"z":-0.00973815843462944,"w":-0.9559025168418884},"size":2.477571964263916,"orthographic":false}